name,website,category,region,contact_name,email,priority,warmth,score,status,notes,partner_slug
Motor Toer Club Oudenbosch,https://www.motorclubmtco.nl/,Motorclub,Noord-Brabant,,mtco1985@outlook.com,B,Lauw,7,ready,"campaign_slug=club2026; subcategory=toerclub; email_status=found; email_type=general; source_url=https://www.motorclubmtco.nl/Doen.html; confidence=high; why_interesting=Actieve regionale toerclub met eigen programma; approach_strategy=Benadruk digitaal onderhoudsboek voor leden en clubritten; newsletter_status=onbekend; estimated_reach=; official organization mailbox on privacy/contact information.",mtc-oudenbosch
Motorclub Arnhem,https://www.motorclubarnhem.nl/,Motorclub,Gelderland,,info@motorclubarnhem.nl,B,Lauw,7,ready,"campaign_slug=club2026; subcategory=motorsportvereniging; email_status=found; email_type=general; source_url=https://www.motorclubarnhem.nl/info; confidence=high; why_interesting=Gevestigde vereniging met actieve motorsportcommunity; approach_strategy=Positioneer GarageBook als praktisch ledenvoordeel; newsletter_status=onbekend; estimated_reach=.",motorclub-arnhem
Motor Club Ruurlo,https://mcruurlo.nl/,Motorclub,Gelderland,,info@mcruurlo.nl,A,Warm,8,ready,"campaign_slug=club2026; subcategory=toerclub; email_status=found; email_type=general; source_url=https://mcruurlo.nl/index.php/toer/nieuwsbrief-toer/; confidence=high; why_interesting=Actieve toerafdeling en publieke nieuwsbrief; approach_strategy=Koppel aanbod aan toeragenda en nieuwsbrief; newsletter_status=ja; estimated_reach=.",motor-club-ruurlo
MC HAMAC Harfsen,https://hamac.nl/,Motorclub,Gelderland,,toer@hamac.nl,A,Warm,8,ready,"campaign_slug=club2026; subcategory=toer-en-motorsportclub; email_status=found; email_type=general; source_url=https://hamac.nl/toer/; confidence=high; why_interesting=Actieve toerafdeling binnen brede motorvereniging; approach_strategy=Benader toercommissie met concreet ledenvoordeel; newsletter_status=onbekend; estimated_reach=.",mc-hamac-harfsen
MTC Bergeijk,https://mtcbergeijk.jouwweb.nl/,Motorclub,Noord-Brabant,,mtcbergeijk@chello.nl,B,Lauw,7,ready,"campaign_slug=club2026; subcategory=toerclub; email_status=found; email_type=general; source_url=https://mtcbergeijk.jouwweb.nl/contact; confidence=high; why_interesting=Actieve regionale toerclub met agenda 2026; approach_strategy=Korte clubgerichte introductie voor toerleden; newsletter_status=onbekend; estimated_reach=.",mtc-bergeijk
MC Roadrunner Prinsenbeek,https://www.mcroadrunner.nl/,Motorclub,Noord-Brabant,,info@mcroadrunner.nl,A,Warm,8,ready,"campaign_slug=club2026; subcategory=toerclub; email_status=found; email_type=general; source_url=https://www.uc.mcroadrunner.nl/wp/; confidence=high; why_interesting=Lang bestaande toerclub met meer dan vijftig leden en actuele ritten; approach_strategy=Benadruk collectief ledenvoordeel en onderhoudshistorie; newsletter_status=onbekend; estimated_reach=50+ leden.",mc-roadrunner-prinsenbeek
Motorclub Schoonebeek,https://www.motorclubschoonebeek.nl/,Motorclub,Drenthe,,info@motorclubschoonebeek.nl,A,Warm,8,ready,"campaign_slug=club2026; subcategory=toerclub; email_status=found; email_type=general; source_url=https://www.motorclubschoonebeek.nl/contact/; confidence=high; why_interesting=Actieve toerclub met actuele 2026-agenda en meerdaags evenement; approach_strategy=Haak aan op actieve rittenkalender en ledengebruik; newsletter_status=onbekend; estimated_reach=.",motorclub-schoonebeek
Motorclub Zeeuws-Vlaanderen,https://www.mczv.nl/,Motorclub,Zeeland,,secretaris@mczv.nl,A,Warm,8,ready,"campaign_slug=club2026; subcategory=toerclub; email_status=found; email_type=secretary; source_url=https://www.mczv.nl/about/; confidence=high; why_interesting=Actieve vereniging met clubritten nieuwsbrief en ledenwerving; approach_strategy=Benader secretariaat met ledenactie en partnerlink; newsletter_status=ja; estimated_reach=.",motorclub-zeeuws-vlaanderen
MC Flardinga,https://www.mcflardinga.nl/mcfwordpress/,Motorclub,Zuid-Holland,,info@mcflardinga.nl,A,Warm,8,ready,"campaign_slug=club2026; subcategory=toerclub; email_status=found; email_type=general; source_url=https://www.mcflardinga.nl/mcfwordpress/mc-flardinga-informatie/; confidence=high; why_interesting=Lang bestaande actieve toerclub met frequente ritten; approach_strategy=Benadruk digitaal onderhoudsboek als praktisch clubvoordeel; newsletter_status=onbekend; estimated_reach=.",mc-flardinga
Motortourclub Dieren e.o.,https://www.motortourclubdieren.nl/,Motorclub,Gelderland,,secretaris@motortourclubdieren.nl,A,Warm,8,ready,"campaign_slug=club2026; subcategory=toerclub; email_status=found; email_type=secretary; source_url=https://www.motortourclubdieren.nl/mtc-dieren/bestuur; confidence=high; why_interesting=Actieve regionale motortourvereniging met clubcommunicatie; approach_strategy=Persoonlijke benadering via secretariaat met ledenvoordeel; newsletter_status=onbekend; estimated_reach=.",motortourclub-dieren
RÔL-ON Motortoerclub,https://www.rol-on.nl/,Motorclub,Drenthe,,info@rol-on.nl,A,Warm,8,ready,"campaign_slug=club2026; subcategory=toerclub; email_status=found; email_type=general; source_url=https://www.rol-on.nl/nl_NL/bestuurders.html; confidence=high; why_interesting=Actieve vereniging voor toerrijders in Noord-Nederland; approach_strategy=Benader bestuur met laagdrempelige clubactie; newsletter_status=onbekend; estimated_reach=.",rol-on-motortoerclub
MC-ASOM Zevenaar,https://www.mc-asom.com/,Motorclub,Gelderland,,info@mc-asom.com,B,Lauw,7,ready,"campaign_slug=club2026; subcategory=toerclub; email_status=found; email_type=general; source_url=https://www.mc-asom.com/evenementen/overzicht-ritten-en-activiteiten/vette-kleppenrit; confidence=high; why_interesting=Actieve club met openbare ritten in 2026; approach_strategy=Sluit aan op rittenprogramma en onderhoudsplanning; newsletter_status=onbekend; estimated_reach=.",mc-asom-zevenaar
Motorclub De Antrappers,https://antrappers.nl/,Motorclub,Drenthe,,motorclub@antrappers.nl,A,Warm,8,ready,"campaign_slug=club2026; subcategory=toer-en-offroadclub; email_status=found; email_type=general; source_url=https://antrappers.nl/stichting-storck/; confidence=high; why_interesting=Gevestigde club met toer- en offroadleden; approach_strategy=Presenteer GarageBook als breed inzetbaar voor verschillende motoren; newsletter_status=ja; estimated_reach=.",motorclub-de-antrappers
Club Pan-European Nederland,https://www.club-pan.nl/,Motorclub,Landelijk,,pr.communicatie@club-pan.nl,A,Warm,9,ready,"campaign_slug=club2026; subcategory=merk-en-modelclub; email_status=found; email_type=communications; source_url=https://www.club-pan.nl/commissies/643/; confidence=high; why_interesting=Landelijke modelclub met digitale nieuwsbrief en clubmagazine; approach_strategy=Benader PR en Communicatie voor nieuwsbriefplaatsing; newsletter_status=ja; estimated_reach=.",club-pan-european-nederland
BMW GS Club Nederland,https://www.bmwgsclub.nl/,Motorclub,Landelijk,,bestuur@bmwgsclub.nl,A,Warm,9,ready,"campaign_slug=club2026; subcategory=merk-en-modelclub; email_status=found; email_type=board; source_url=https://www.bmwgsclub.nl/; confidence=high; why_interesting=Landelijke actieve modelcommunity rond veelgebruikte toermotoren; approach_strategy=Benader bestuur met onderhoudshistorie als relevant ledenvoordeel; newsletter_status=onbekend; estimated_reach=.",bmw-gs-club-nederland
Motor Club Baliebikers,https://www.baliebikers.nl/,Motorclub,Utrecht,,secretaris@baliebikers.nl,A,Warm,8,ready,"campaign_slug=club2026; subcategory=toerclub; email_status=found; email_type=secretary; source_url=https://www.baliebikers.nl/de-club/; confidence=high; why_interesting=Officiële actieve vereniging met clubritten en e-mailcommunicatie; approach_strategy=Benader secretariaat met concreet ledenaanbod; newsletter_status=ja; estimated_reach=.",motor-club-baliebikers
Twentse Motorclub,https://twentsemotorclub.nl/,Motorclub,Overijssel,,secretaris@twentsemotorclub.nl,A,Warm,8,ready,"campaign_slug=club2026; subcategory=toerclub; email_status=found; email_type=secretary; source_url=https://twentsemotorclub.nl/contact/; confidence=high; why_interesting=Gevestigde vereniging met clubavonden en openbare activiteiten; approach_strategy=Persoonlijke bestuursbenadering rond ledenvoordeel; newsletter_status=onbekend; estimated_reach=.",twentse-motorclub
Motorclub Veendam,https://www.mcveendam.nl/,Motorclub,Groningen,,info@mcveendam.nl,B,Lauw,7,ready,"campaign_slug=club2026; subcategory=motorsportvereniging; email_status=found; email_type=general; source_url=https://www.mcveendam.nl/contact/; confidence=high; why_interesting=Actieve vereniging met brede motorcommunity en vrijwilligers; approach_strategy=Positioneer als digitaal onderhoudsplatform voor clubleden; newsletter_status=onbekend; estimated_reach=.",motorclub-veendam
Friesche Motorclub,https://www.fmc.nu/,Motorclub,Friesland,,info@fmc.nu,A,Warm,10,ready,"campaign_slug=club2026; subcategory=toerclub; email_status=found; email_type=general; source_url=https://www.fmc.nu/contact/; confidence=high; why_interesting=Grote actieve vereniging achter de Elfstedentocht en eigen clubblad; approach_strategy=Benader met landelijke zichtbaarheid en nieuwsbriefwaarde; newsletter_status=ja; estimated_reach=3500 deelnemers Elfstedentocht publiek vermeld.",friesche-motorclub
Motorclub Nieuwegein,https://motorclubnieuwegein.nl/,Motorclub,Utrecht,,info@motorclubnieuwegein.nl,B,Lauw,7,ready,"campaign_slug=club2026; subcategory=toerclub; email_status=found; email_type=general; source_url=https://motorclubnieuwegein.nl/wp-content/uploads/2025/02/Clubblad-2024-08.pdf; confidence=medium; why_interesting=Lang bestaande toerclub met eigen clubblad; approach_strategy=Benader algemeen adres voor plaatsing in clubcommunicatie; newsletter_status=ja; estimated_reach=.",motorclub-nieuwegein
Motorclub RAM Raalte,https://www.ramraalte.nl/,Motorclub,Overijssel,,secretaris@ramraalte.nl,A,Warm,8,ready,"campaign_slug=club2026; subcategory=toerclub; email_status=found; email_type=secretary; source_url=https://www.ramraalte.nl/contact/; confidence=high; why_interesting=Actieve toerclub met circa zestig leden en veel jaarlijkse activiteiten; approach_strategy=Benader secretaris met ledenvoordeel voor onderhoud en ritten; newsletter_status=ja; estimated_reach=circa 60 leden.",motorclub-ram-raalte
Motorclub Bartje,https://www.mcbartje.nl/,Motorclub,Drenthe,,secretaris@mcbartje.nl,A,Warm,8,ready,"campaign_slug=club2026; subcategory=toerclub; email_status=found; email_type=secretary; source_url=https://www.mcbartje.nl/evenementen/; confidence=high; why_interesting=Officiële actieve vereniging met meerdere open toertochten in 2026; approach_strategy=Benader secretariaat rond deelname en ledencommunicatie; newsletter_status=onbekend; estimated_reach=.",motorclub-bartje
MC Grathem,https://www.mcgrathem.nl/,Motorclub,Limburg,,secretaris@mcgrathem.nl,A,Warm,9,ready,"campaign_slug=club2026; subcategory=toerclub; email_status=found; email_type=secretary; source_url=https://www.mcgrathem.nl/contact/; confidence=high; why_interesting=Actieve vereniging met ruim honderd leden en openbare 2026-ritten; approach_strategy=Benader secretaris met voorstel voor clubbrede introductie; newsletter_status=onbekend; estimated_reach=100+ leden.",mc-grathem
Motorclub Oss,https://motorcluboss.nl/,Motorclub,Noord-Brabant,,info@motorcluboss.nl,B,Lauw,7,ready,"campaign_slug=club2026; subcategory=motorsportvereniging; email_status=found; email_type=general; source_url=https://motorcluboss.nl/en/contact/; confidence=high; why_interesting=Gevestigde motorvereniging met actieve community en evenementen; approach_strategy=Benadruk digitaal onderhoud en voertuigadministratie voor leden; newsletter_status=onbekend; estimated_reach=.",motorclub-oss
Motorclub Laurentia,https://mc-laurentia.nl/,Motorclub,Noord-Brabant,,mclaurentia@gmail.com,B,Lauw,7,ready,"campaign_slug=club2026; subcategory=toerclub; email_status=found; email_type=general; source_url=https://mc-laurentia.nl/onewebmedia/2025%20MCL%20Jaarboek%20zonder%20ledenlijst%20en%20opgaveformulier.pdf; confidence=medium; why_interesting=Actieve vereniging met recent jaarboek en vaste clubcommunicatie; approach_strategy=Benader het publiek vermelde clubadres voor ledenactie; newsletter_status=ja; estimated_reach=.",motorclub-laurentia
Motor Tour Club Mariahout,https://mtcmariahout.nl/,Motorclub,Noord-Brabant,,mtcmariahout@gmail.com,B,Lauw,7,ready,"campaign_slug=club2026; subcategory=toerclub; email_status=found; email_type=general; source_url=https://mtcmariahout.nl/contact/; confidence=high; why_interesting=Actieve regionale toerclub met agenda 2026; approach_strategy=Korte introductie gericht op gezamenlijk toerende leden; newsletter_status=onbekend; estimated_reach=.",motor-tour-club-mariahout
Maastrichtse Motor Club '72,https://www.mmc72.nl/,Motorclub,Limburg,,pr@mmc72.nl,A,Warm,9,ready,"campaign_slug=club2026; subcategory=toerclub; email_status=found; email_type=pr; source_url=https://www.mmc72.nl/; confidence=high; why_interesting=Actieve club met maandelijkse digitale clubuitgave en omvangrijke 2026-kalender; approach_strategy=Benader PR voor redactionele opname en ledenactie; newsletter_status=ja; estimated_reach=.",maastrichtse-motor-club-72
Motorclub MC93,https://www.mc93.nl/,Motorclub,Overijssel,,,B,Lauw,6,enrichment,"campaign_slug=club2026; subcategory=toerclub; email_status=missing; email_type=; source_url=https://www.mc93.nl/contact/; confidence=high; why_interesting=Actieve vereniging met actuele 2026-toerkalender; approach_strategy=Eerst officieel clubadres verifiëren; newsletter_status=onbekend; estimated_reach=; notes_detail=officiële site toont alleen contactformulier en dat telt niet als e-mailadres.",motorclub-mc93
Motor Toer Club Limburg,https://www.motortoerclublimburg.nl/,Motorclub,Limburg,,,B,Lauw,6,enrichment,"campaign_slug=club2026; subcategory=toerclub; email_status=missing; email_type=; source_url=https://www.motortoerclublimburg.nl/over-ons/; confidence=high; why_interesting=Actieve regionale toerclub met circa twaalf ritten per jaar; approach_strategy=Eerst zichtbaar officieel adres verkrijgen; newsletter_status=onbekend; estimated_reach=; notes_detail=officiële site bevat een afgeschermd e-mailadres dat niet betrouwbaar uitgelezen kon worden.",motor-toer-club-limburg
Dutch Motorclub Pink Spirit,https://www.pinkspirit.nl/cms/,Motorclub,Landelijk,,,B,Lauw,7,enrichment,"campaign_slug=club2026; subcategory=landelijke-communityclub; email_status=missing; email_type=; source_url=https://www.pinkspirit.nl/cms/; confidence=high; why_interesting=Actieve landelijke vereniging met ruim honderdvijftig motorrijders en maandelijkse activiteiten; approach_strategy=Eerst officieel clubadres opvragen of publiek verifiëren; newsletter_status=onbekend; estimated_reach=150+ leden; notes_detail=officiële site biedt uitsluitend een contactformulier en dat telt niet als e-mailadres.",dutch-motorclub-pink-spirit
